,species,fam,mean,sd
0, spectabilis,CBM32,7.0,0.0
1, spectabilis,GH0,5.0,0.0
2, spectabilis,GH13,12.0,0.0
3, spectabilis,GH3,5.0,0.0
4, spectabilis,GT2,31.5,0.5
5, spectabilis,GT4,19.0,0.0
6,,CBM32,7.31,3.99
7,,GH0,3.7,1.24
8,,GH13,13.47,3.75
9,,GH3,5.67,2.62
10,,GT2,26.03,6.66
11,,GT4,16.51,3.74
12, fagopyri,CBM32,12.0,0.0
13, fagopyri,GH0,5.0,0.0
14, fagopyri,GH13,17.0,0.0
15, fagopyri,GH3,7.0,0.0
16, fagopyri,GT2,26.0,0.0
17, fagopyri,GT4,16.0,0.0
18, clavuligerus,CBM32,4.93,0.57
19, clavuligerus,GH0,4.0,0.0
20, clavuligerus,GH13,8.87,0.5
21, clavuligerus,GH3,2.0,0.0
22, clavuligerus,GT2,18.07,1.44
23, clavuligerus,GT4,17.13,0.88
24, sp013046785,CBM32,7.0,0.0
25, sp013046785,GH0,5.0,0.0
26, sp013046785,GH13,17.0,0.0
27, sp013046785,GH3,4.0,0.0
28, sp013046785,GT2,31.0,0.0
29, sp013046785,GT4,17.0,0.0
30, physcomitrii,CBM32,3.0,0.0
31, physcomitrii,GH0,7.0,0.0
32, physcomitrii,GH13,11.0,0.0
33, physcomitrii,GH3,6.0,0.0
34, physcomitrii,GT2,16.33,0.47
35, physcomitrii,GT4,15.0,0.0
36, noursei,CBM32,7.0,0.0
37, noursei,GH0,2.0,0.0
38, noursei,GH13,12.0,0.0
39, noursei,GH3,4.0,0.0
40, noursei,GT2,25.0,0.0
41, noursei,GT4,22.0,0.0
42, cinnamonensis,CBM32,10.0,0.0
43, cinnamonensis,GH0,6.0,0.0
44, cinnamonensis,GH13,10.0,0.0
45, cinnamonensis,GH3,5.0,0.0
46, cinnamonensis,GT2,31.0,0.0
47, cinnamonensis,GT4,14.0,0.0
48, finlayi,CBM32,6.0,0.0
49, finlayi,GH0,3.0,0.0
50, finlayi,GH13,10.0,0.0
51, finlayi,GH3,6.0,0.0
52, finlayi,GT2,28.0,0.0
53, finlayi,GT4,15.0,0.0
54, alboflavus,CBM32,8.0,0.0
55, alboflavus,GH0,9.0,0.0
56, alboflavus,GH13,12.0,0.0
57, alboflavus,GH3,6.0,0.0
58, alboflavus,GT2,30.0,0.0
59, alboflavus,GT4,17.0,0.0
60, rimosus,CBM32,7.0,0.0
61, rimosus,GH0,4.0,0.0
62, rimosus,GH13,15.67,0.47
63, rimosus,GH3,4.0,0.0
64, rimosus,GT2,26.0,0.0
65, rimosus,GT4,15.0,0.0
66, massasporeus,CBM32,8.0,0.0
67, massasporeus,GH0,5.0,0.0
68, massasporeus,GH13,18.0,0.0
69, massasporeus,GH3,3.0,0.0
70, massasporeus,GT2,41.0,0.0
71, massasporeus,GT4,19.0,0.0
72, anthocyanicus,CBM32,10.33,0.47
73, anthocyanicus,GH0,5.0,0.0
74, anthocyanicus,GH13,16.5,0.76
75, anthocyanicus,GH3,9.0,0.0
76, anthocyanicus,GT2,30.0,1.0
77, anthocyanicus,GT4,18.83,0.37
78, cyanogenus,CBM32,7.0,0.0
79, cyanogenus,GH0,4.0,0.0
80, cyanogenus,GH13,18.0,0.0
81, cyanogenus,GH3,5.0,0.0
82, cyanogenus,GT2,29.0,0.0
83, cyanogenus,GT4,17.0,0.0
84, olivaceus,CBM32,8.33,0.47
85, olivaceus,GH0,3.33,0.47
86, olivaceus,GH13,13.33,2.05
87, olivaceus,GH3,7.33,0.94
88, olivaceus,GT2,26.67,2.62
89, olivaceus,GT4,14.67,0.94
90, griseus,CBM32,12.0,0.0
91, griseus,GH0,4.0,0.0
92, griseus,GH13,12.0,0.0
93, griseus,GH3,3.0,0.0
94, griseus,GT2,29.0,0.0
95, griseus,GT4,19.0,0.0
96, californicus,CBM32,7.0,0.0
97, californicus,GH0,3.0,0.0
98, californicus,GH13,11.0,0.0
99, californicus,GH3,4.0,0.0
100, californicus,GT2,24.88,1.05
101, californicus,GT4,14.5,1.0
102, dengpaensis,CBM32,5.0,0.0
103, dengpaensis,GH0,4.0,0.0
104, dengpaensis,GH13,17.0,0.0
105, dengpaensis,GH3,4.0,0.0
106, dengpaensis,GT2,22.0,0.0
107, dengpaensis,GT4,17.0,0.0
108, cyaneofuscatus,CBM32,15.0,0.0
109, cyaneofuscatus,GH0,4.0,0.0
110, cyaneofuscatus,GH13,14.0,0.0
111, cyaneofuscatus,GH3,7.0,0.0
112, cyaneofuscatus,GT2,33.5,0.5
113, cyaneofuscatus,GT4,20.0,0.0
114, cadmiisoli,CBM32,8.0,0.0
115, cadmiisoli,GH0,7.0,0.0
116, cadmiisoli,GH13,19.0,0.0
117, cadmiisoli,GH3,5.0,0.0
118, cadmiisoli,GT2,21.0,0.0
119, cadmiisoli,GT4,18.0,0.0
120, albidoflavus,CBM32,6.36,0.72
121, albidoflavus,GH0,3.14,0.35
122, albidoflavus,GH13,10.64,0.89
123, albidoflavus,GH3,5.0,1.07
124, albidoflavus,GT2,16.14,1.06
125, albidoflavus,GT4,9.36,1.17
126, misionensis,CBM32,9.0,0.0
127, misionensis,GH0,3.0,0.0
128, misionensis,GH13,24.0,0.0
129, misionensis,GH3,6.0,0.0
130, misionensis,GT2,27.0,0.0
131, misionensis,GT4,14.0,0.0
132, venezuelae,CBM32,8.67,1.33
133, venezuelae,GH0,5.33,1.25
134, venezuelae,GH13,13.56,2.22
135, venezuelae,GH3,5.11,0.74
136, venezuelae,GT2,26.22,3.64
137, venezuelae,GT4,17.78,3.46
138, mirabilis,CBM32,11.8,0.98
139, mirabilis,GH0,5.0,0.0
140, mirabilis,GH13,18.0,0.0
141, mirabilis,GH3,10.4,0.49
142, mirabilis,GT2,32.8,0.75
143, mirabilis,GT4,16.4,0.49
144, scabiei,CBM32,8.25,0.43
145, scabiei,GH0,3.75,0.43
146, scabiei,GH13,14.5,0.5
147, scabiei,GH3,8.75,0.43
148, scabiei,GT2,28.5,1.12
149, scabiei,GT4,21.5,1.12
150, yunnanensis,CBM32,5.5,0.5
151, yunnanensis,GH0,2.0,0.0
152, yunnanensis,GH13,13.0,2.0
153, yunnanensis,GH3,5.0,0.0
154, yunnanensis,GT2,29.5,2.5
155, yunnanensis,GT4,24.5,2.5
156, microflavus,CBM32,15.0,0.0
157, microflavus,GH0,4.33,0.47
158, microflavus,GH13,13.67,0.47
159, microflavus,GH3,6.33,0.47
160, microflavus,GT2,29.33,1.89
161, microflavus,GT4,19.0,0.82
162, leeuwenhoekii,CBM32,9.0,0.0
163, leeuwenhoekii,GH0,5.0,0.0
164, leeuwenhoekii,GH13,16.0,0.0
165, leeuwenhoekii,GH3,7.0,0.0
166, leeuwenhoekii,GT2,29.0,0.0
167, leeuwenhoekii,GT4,16.0,0.0
168, spinoverrucosus,CBM32,7.0,0.0
169, spinoverrucosus,GH0,4.0,0.0
170, spinoverrucosus,GH13,17.0,0.0
171, spinoverrucosus,GH3,8.0,0.0
172, spinoverrucosus,GT2,25.0,0.0
173, spinoverrucosus,GT4,34.0,0.0
174, murinus,CBM32,7.0,0.0
175, murinus,GH0,4.0,0.0
176, murinus,GH13,20.0,0.0
177, murinus,GH3,5.0,0.0
178, murinus,GT2,23.5,0.5
179, murinus,GT4,10.5,0.5
180, milbemycinicus,CBM32,13.0,0.0
181, milbemycinicus,GH0,4.0,0.0
182, milbemycinicus,GH13,11.0,0.0
183, milbemycinicus,GH3,12.0,0.0
184, milbemycinicus,GT2,30.0,0.0
185, milbemycinicus,GT4,19.0,0.0
186, lincolnensis,CBM32,8.33,1.25
187, lincolnensis,GH0,7.0,0.0
188, lincolnensis,GH13,18.33,1.89
189, lincolnensis,GH3,12.67,0.47
190, lincolnensis,GT2,34.33,1.25
191, lincolnensis,GT4,18.0,1.41
192, ficellus,CBM32,7.0,0.0
193, ficellus,GH0,3.0,0.0
194, ficellus,GH13,13.0,0.0
195, ficellus,GH3,4.0,0.0
196, ficellus,GT2,26.0,0.0
197, ficellus,GT4,24.0,0.0
198, bacillaris,CBM32,10.57,1.68
199, bacillaris,GH0,4.57,0.73
200, bacillaris,GH13,11.71,3.06
201, bacillaris,GH3,5.29,1.91
202, bacillaris,GT2,20.86,3.68
203, bacillaris,GT4,14.86,5.03
204, fodineus,CBM32,5.0,0.0
205, fodineus,GH0,5.0,0.0
206, fodineus,GH13,17.0,0.0
207, fodineus,GH3,4.0,0.0
208, fodineus,GT2,34.0,0.0
209, fodineus,GT4,12.0,0.0
210, viridosporus,CBM32,5.0,0.0
211, viridosporus,GH0,3.0,0.0
212, viridosporus,GH13,16.0,0.0
213, viridosporus,GH3,4.0,0.0
214, viridosporus,GT2,31.0,0.0
215, viridosporus,GT4,14.0,0.0
216, cacaoi,CBM32,8.0,4.0
217, cacaoi,GH0,3.5,1.5
218, cacaoi,GH13,14.5,5.5
219, cacaoi,GH3,7.5,1.5
220, cacaoi,GT2,29.0,4.0
221, cacaoi,GT4,15.5,1.5
222, bobili,CBM32,6.0,0.0
223, bobili,GH0,6.0,0.0
224, bobili,GH13,20.0,0.0
225, bobili,GH3,5.0,0.0
226, bobili,GT2,24.0,0.0
227, bobili,GT4,14.0,0.0
228, sp000772045,CBM32,10.75,0.43
229, sp000772045,GH0,4.0,0.0
230, sp000772045,GH13,19.25,1.92
231, sp000772045,GH3,8.0,0.0
232, sp000772045,GT2,27.5,0.5
233, sp000772045,GT4,17.0,2.35
234, sp009832925,CBM32,7.0,0.0
235, sp009832925,GH0,3.0,0.0
236, sp009832925,GH13,10.0,0.0
237, sp009832925,GH3,4.0,0.0
238, sp009832925,GT2,24.0,0.0
239, sp009832925,GT4,15.0,0.0
240, fungicidicus,CBM32,6.0,0.0
241, fungicidicus,GH0,3.0,0.0
242, fungicidicus,GH13,19.0,0.0
243, fungicidicus,GH3,4.0,0.0
244, fungicidicus,GT2,34.0,1.0
245, fungicidicus,GT4,17.0,0.0
246, diastaticus,CBM32,4.0,0.0
247, diastaticus,GH0,3.0,0.0
248, diastaticus,GH13,10.0,0.0
249, diastaticus,GH3,3.0,0.0
250, diastaticus,GT2,20.0,0.0
251, diastaticus,GT4,10.0,0.0
252, avermitilis,CBM32,8.0,0.0
253, avermitilis,GH0,5.0,0.0
254, avermitilis,GH13,16.0,0.0
255, avermitilis,GH3,5.0,0.0
256, avermitilis,GT2,29.0,0.0
257, avermitilis,GT4,19.0,0.0
258, odonnellii,CBM32,17.0,0.0
259, odonnellii,GH0,3.0,0.0
260, odonnellii,GH13,9.0,0.0
261, odonnellii,GH3,5.0,0.0
262, odonnellii,GT2,19.0,0.0
263, odonnellii,GT4,12.0,0.0
264, sp002847285,CBM32,14.33,2.05
265, sp002847285,GH0,5.0,0.0
266, sp002847285,GH13,4.33,0.47
267, sp002847285,GH3,8.67,0.47
268, sp002847285,GT2,15.0,1.41
269, sp002847285,GT4,15.33,1.25
270, nodosus,CBM32,8.0,0.0
271, nodosus,GH0,4.0,0.0
272, nodosus,GH13,16.0,0.0
273, nodosus,GH3,6.5,0.5
274, nodosus,GT2,27.0,0.0
275, nodosus,GT4,12.5,0.5
276, broussonetiae,CBM32,11.0,0.0
277, broussonetiae,GH0,4.0,0.0
278, broussonetiae,GH13,19.0,0.0
279, broussonetiae,GH3,6.0,0.0
280, broussonetiae,GT2,24.0,0.0
281, broussonetiae,GT4,17.0,0.0
282, platensis,CBM32,7.0,0.0
283, platensis,GH0,2.0,0.0
284, platensis,GH13,13.0,0.0
285, platensis,GH3,3.0,0.0
286, platensis,GT2,23.5,1.5
287, platensis,GT4,16.5,0.5
288, chattanoogensis,CBM32,5.0,0.0
289, chattanoogensis,GH0,3.0,0.0
290, chattanoogensis,GH13,13.0,0.0
291, chattanoogensis,GH3,4.0,0.0
292, chattanoogensis,GT2,22.0,0.0
293, chattanoogensis,GT4,19.0,0.0
294, himastatinicus,CBM32,8.5,0.5
295, himastatinicus,GH0,2.0,0.0
296, himastatinicus,GH13,12.5,0.5
297, himastatinicus,GH3,7.5,0.5
298, himastatinicus,GT2,33.5,3.5
299, himastatinicus,GT4,19.5,1.5
300, sp003675325,CBM32,4.0,0.0
301, sp003675325,GH0,3.0,0.0
302, sp003675325,GH13,14.0,0.0
303, sp003675325,GH3,6.0,0.0
304, sp003675325,GT2,23.0,0.0
305, sp003675325,GT4,13.0,0.0
306, sp003330845,CBM32,9.0,0.0
307, sp003330845,GH0,5.0,0.0
308, sp003330845,GH13,17.0,0.0
309, sp003330845,GH3,8.0,0.0
310, sp003330845,GT2,35.0,0.0
311, sp003330845,GT4,22.0,0.0
312, buecherae,CBM32,3.0,0.0
313, buecherae,GH0,2.5,0.5
314, buecherae,GH13,5.0,0.0
315, buecherae,GH3,3.0,0.0
316, buecherae,GT2,15.5,1.5
317, buecherae,GT4,19.5,2.5
318, griseoviridis,CBM32,10.0,0.0
319, griseoviridis,GH0,5.0,0.0
320, griseoviridis,GH13,17.0,0.0
321, griseoviridis,GH3,8.0,0.0
322, griseoviridis,GT2,28.0,0.0
323, griseoviridis,GT4,18.0,0.0
324, abikoensis,CBM32,5.0,0.0
325, abikoensis,GH0,2.0,0.0
326, abikoensis,GH13,9.0,0.0
327, abikoensis,GH3,3.0,0.0
328, abikoensis,GT2,24.0,0.0
329, abikoensis,GT4,19.0,0.0
330, parvulus,CBM32,10.0,0.0
331, parvulus,GH0,6.0,0.0
332, parvulus,GH13,16.0,0.0
333, parvulus,GH3,9.0,0.0
334, parvulus,GT2,30.0,0.0
335, parvulus,GT4,18.0,0.0
336, goshikiensis,CBM32,5.0,0.0
337, goshikiensis,GH0,3.0,0.0
338, goshikiensis,GH13,13.0,0.0
339, goshikiensis,GH3,3.5,0.5
340, goshikiensis,GT2,17.0,2.0
341, goshikiensis,GT4,17.0,1.0
342, tsukubensis,CBM32,5.5,4.33
343, tsukubensis,GH0,4.25,0.43
344, tsukubensis,GH13,8.75,1.3
345, tsukubensis,GH3,2.5,0.87
346, tsukubensis,GT2,20.5,1.12
347, tsukubensis,GT4,16.0,0.71
348, sviceus,CBM32,13.0,0.0
349, sviceus,GH0,5.0,0.0
350, sviceus,GH13,18.0,0.0
351, sviceus,GH3,8.0,0.0
352, sviceus,GT2,30.0,0.0
353, sviceus,GT4,15.0,0.0
354, olivoreticuli,CBM32,6.0,0.0
355, olivoreticuli,GH0,5.0,0.0
356, olivoreticuli,GH13,10.0,0.0
357, olivoreticuli,GH3,2.0,0.0
358, olivoreticuli,GT2,29.0,0.0
359, olivoreticuli,GT4,14.0,0.0
360, pluripotens,CBM32,4.0,0.0
361, pluripotens,GH0,4.0,0.0
362, pluripotens,GH13,15.0,0.0
363, pluripotens,GH3,2.0,0.0
364, pluripotens,GT2,27.0,0.0
365, pluripotens,GT4,19.0,0.0
366, nojiriensis,CBM32,7.0,0.0
367, nojiriensis,GH0,4.0,0.0
368, nojiriensis,GH13,13.0,0.0
369, nojiriensis,GH3,5.0,0.0
370, nojiriensis,GT2,34.0,0.0
371, nojiriensis,GT4,12.0,0.0
372, collinus,CBM32,5.0,0.0
373, collinus,GH0,3.0,0.0
374, collinus,GH13,17.0,0.0
375, collinus,GH3,5.0,0.0
376, collinus,GT2,34.0,0.0
377, collinus,GT4,18.0,0.0
378, griseorubiginosus,CBM32,12.5,0.5
379, griseorubiginosus,GH0,6.0,0.0
380, griseorubiginosus,GH13,17.0,0.0
381, griseorubiginosus,GH3,9.5,0.5
382, griseorubiginosus,GT2,30.0,1.0
383, griseorubiginosus,GT4,20.0,0.0
384, alboniger,CBM32,6.0,0.0
385, alboniger,GH0,5.0,0.0
386, alboniger,GH13,12.0,0.0
387, alboniger,GH3,5.0,0.0
388, alboniger,GT2,26.0,0.0
389, alboniger,GT4,17.0,0.0
390, cattleya,CBM32,8.0,0.0
391, cattleya,GH0,2.0,0.0
392, cattleya,GH13,14.0,0.0
393, cattleya,GH3,5.0,0.0
394, cattleya,GT2,19.0,0.0
395, cattleya,GT4,9.0,0.0
396, papulosus,CBM32,11.0,1.0
397, papulosus,GH0,4.0,0.0
398, papulosus,GH13,12.0,0.0
399, papulosus,GH3,7.5,0.5
400, papulosus,GT2,25.0,0.0
401, papulosus,GT4,15.5,0.5
402, sioyaensis,CBM32,7.0,0.0
403, sioyaensis,GH0,3.0,0.0
404, sioyaensis,GH13,13.0,0.0
405, sioyaensis,GH3,3.0,0.0
406, sioyaensis,GT2,23.0,0.0
407, sioyaensis,GT4,17.0,0.0
408, gardneri,CBM32,14.67,0.47
409, gardneri,GH0,7.0,0.0
410, gardneri,GH13,14.0,0.0
411, gardneri,GH3,9.0,0.0
412, gardneri,GT2,28.33,0.94
413, gardneri,GT4,21.0,0.0
414, aquilus,CBM32,9.0,0.0
415, aquilus,GH0,5.0,0.0
416, aquilus,GH13,17.0,0.0
417, aquilus,GH3,10.0,0.0
418, aquilus,GT2,33.0,0.0
419, aquilus,GT4,18.0,0.0
420, althioticus,CBM32,6.0,0.0
421, althioticus,GH0,5.0,0.0
422, althioticus,GH13,18.0,0.0
423, althioticus,GH3,4.0,0.0
424, althioticus,GT2,26.0,0.0
425, althioticus,GT4,14.0,0.0
426, alfalfae,CBM32,8.0,0.0
427, alfalfae,GH0,3.0,0.0
428, alfalfae,GH13,17.33,0.47
429, alfalfae,GH3,6.0,0.0
430, alfalfae,GT2,29.33,0.47
431, alfalfae,GT4,16.0,0.0
432, laurentii,CBM32,2.0,0.0
433, laurentii,GH0,4.0,0.0
434, laurentii,GH13,9.0,0.0
435, laurentii,GH3,5.0,0.0
436, laurentii,GT2,25.0,0.0
437, laurentii,GT4,10.0,0.0
438, griseofuscus,CBM32,8.5,0.5
439, griseofuscus,GH0,4.0,0.0
440, griseofuscus,GH13,18.0,0.0
441, griseofuscus,GH3,5.5,0.5
442, griseofuscus,GT2,23.0,0.0
443, griseofuscus,GT4,9.5,0.5
444, sp000177195,CBM32,11.0,0.0
445, sp000177195,GH0,3.0,0.0
446, sp000177195,GH13,13.0,0.0
447, sp000177195,GH3,7.0,0.0
448, sp000177195,GT2,27.0,0.0
449, sp000177195,GT4,17.0,0.0
450, bauhiniae,CBM32,11.0,0.0
451, bauhiniae,GH0,4.0,0.0
452, bauhiniae,GH13,16.0,0.0
453, bauhiniae,GH3,4.0,0.0
454, bauhiniae,GT2,23.0,0.0
455, bauhiniae,GT4,13.0,0.0
456, glaucescens,CBM32,9.0,0.0
457, glaucescens,GH0,4.0,0.0
458, glaucescens,GH13,25.0,0.0
459, glaucescens,GH3,6.0,0.0
460, glaucescens,GT2,26.0,0.0
461, glaucescens,GT4,13.0,0.0
462, sp001895105,CBM32,11.0,0.0
463, sp001895105,GH0,4.0,0.0
464, sp001895105,GH13,10.0,0.0
465, sp001895105,GH3,4.0,0.0
466, sp001895105,GT2,32.0,0.0
467, sp001895105,GT4,18.0,0.0
468, solisilvae,CBM32,13.2,0.4
469, solisilvae,GH0,5.0,1.1
470, solisilvae,GH13,11.0,0.0
471, solisilvae,GH3,9.0,0.89
472, solisilvae,GT2,32.6,2.33
473, solisilvae,GT4,14.8,2.04
474, vietnamensis,CBM32,6.0,0.0
475, vietnamensis,GH0,4.0,0.0
476, vietnamensis,GH13,10.0,0.0
477, vietnamensis,GH3,5.0,0.0
478, vietnamensis,GT2,20.0,0.0
479, vietnamensis,GT4,19.0,0.0
480, calvus,CBM32,9.0,0.0
481, calvus,GH0,3.0,0.0
482, calvus,GH13,18.0,0.0
483, calvus,GH3,5.0,0.0
484, calvus,GT2,32.0,0.0
485, calvus,GT4,19.0,0.0
486, sp001941845,CBM32,6.0,0.0
487, sp001941845,GH0,4.0,0.0
488, sp001941845,GH13,12.0,0.0
489, sp001941845,GH3,4.0,0.0
490, sp001941845,GT2,23.0,0.0
491, sp001941845,GT4,16.0,0.0
492, halstedii,CBM32,8.0,0.0
493, halstedii,GH0,3.0,0.0
494, halstedii,GH13,10.0,0.0
495, halstedii,GH3,7.0,0.0
496, halstedii,GT2,29.0,0.0
497, halstedii,GT4,12.0,0.0
498, aurantiacus,CBM32,11.0,0.0
499, aurantiacus,GH0,5.0,0.0
500, aurantiacus,GH13,15.0,0.0
501, aurantiacus,GH3,9.0,0.0
502, aurantiacus,GT2,28.0,0.0
503, aurantiacus,GT4,19.0,0.0
504, sp010384365,CBM32,12.0,0.0
505, sp010384365,GH0,5.0,0.0
506, sp010384365,GH13,14.0,0.0
507, sp010384365,GH3,10.0,0.0
508, sp010384365,GT2,24.0,0.0
509, sp010384365,GT4,17.0,0.0
510, sp014621695,CBM32,8.0,0.0
511, sp014621695,GH0,3.0,0.0
512, sp014621695,GH13,13.0,0.0
513, sp014621695,GH3,5.0,0.0
514, sp014621695,GT2,30.0,0.0
515, sp014621695,GT4,17.0,0.0
516, mobaraensis,CBM32,4.0,0.0
517, mobaraensis,GH0,2.0,0.0
518, mobaraensis,GH13,9.0,0.0
519, mobaraensis,GH3,2.0,0.0
520, mobaraensis,GT2,20.0,0.0
521, mobaraensis,GT4,16.0,0.0
522, sp000158895,CBM32,7.0,0.0
523, sp000158895,GH0,4.0,0.0
524, sp000158895,GH13,12.0,0.0
525, sp000158895,GH3,5.0,0.0
526, sp000158895,GT2,22.0,0.0
527, sp000158895,GT4,16.0,0.0
528, libani,CBM32,7.0,0.0
529, libani,GH0,2.0,0.0
530, libani,GH13,12.5,0.5
531, libani,GH3,3.0,0.0
532, libani,GT2,22.5,0.5
533, libani,GT4,18.0,0.0
534, sp016598575,CBM32,2.0,0.0
535, sp016598575,GH0,2.0,0.0
536, sp016598575,GH13,11.0,0.0
537, sp016598575,GH3,1.0,0.0
538, sp016598575,GT2,20.0,0.0
539, sp016598575,GT4,10.0,0.0
540, nigra,CBM32,9.0,0.0
541, nigra,GH0,5.0,0.0
542, nigra,GH13,17.0,0.0
543, nigra,GH3,5.0,0.0
544, nigra,GT2,30.0,0.0
545, nigra,GT4,13.0,0.0
546, violaceusniger,CBM32,15.5,0.5
547, violaceusniger,GH0,6.0,1.0
548, violaceusniger,GH13,10.5,0.5
549, violaceusniger,GH3,9.0,0.0
550, violaceusniger,GT2,32.0,1.0
551, violaceusniger,GT4,15.0,0.0
552, rochei,CBM32,8.33,0.94
553, rochei,GH0,2.67,0.47
554, rochei,GH13,16.33,0.94
555, rochei,GH3,7.67,0.47
556, rochei,GT2,32.33,2.05
557, rochei,GT4,15.0,0.82
558, sp001654495,CBM32,7.0,0.0
559, sp001654495,GH0,4.0,0.0
560, sp001654495,GH13,16.0,0.0
561, sp001654495,GH3,4.0,0.0
562, sp001654495,GT2,24.0,0.0
563, sp001654495,GT4,19.0,0.0
564, prasinus,CBM32,7.0,0.0
565, prasinus,GH0,3.0,0.0
566, prasinus,GH13,18.0,0.0
567, prasinus,GH3,6.0,0.0
568, prasinus,GT2,23.0,0.0
569, prasinus,GT4,14.0,0.0
570, albus,CBM32,4.0,0.0
571, albus,GH0,2.0,0.0
572, albus,GH13,3.0,0.0
573, albus,GH3,4.0,0.0
574, albus,GT2,22.0,0.0
575, albus,GT4,15.0,0.0
576, sp000527195,CBM32,11.0,0.0
577, sp000527195,GH0,3.0,0.0
578, sp000527195,GH13,14.0,0.0
579, sp000527195,GH3,5.0,0.0
580, sp000527195,GT2,22.0,0.0
581, sp000527195,GT4,13.0,0.0
582, sp013364155,CBM32,4.0,0.0
583, sp013364155,GH0,3.0,0.0
584, sp013364155,GH13,13.0,0.0
585, sp013364155,GH3,6.0,0.0
586, sp013364155,GT2,28.0,0.0
587, sp013364155,GT4,17.0,0.0
588, sp016756395,CBM32,19.0,0.0
589, sp016756395,GH0,3.0,0.0
590, sp016756395,GH13,15.0,0.0
591, sp016756395,GH3,12.0,0.0
592, sp016756395,GT2,21.0,0.0
593, sp016756395,GT4,12.0,0.0
594, pactum,CBM32,8.0,0.0
595, pactum,GH0,4.0,0.0
596, pactum,GH13,21.0,0.0
597, pactum,GH3,5.0,0.0
598, pactum,GT2,41.0,0.0
599, pactum,GT4,16.0,0.0
600, fradiae,CBM32,2.0,0.0
601, fradiae,GH0,3.0,0.0
602, fradiae,GH13,12.0,2.0
603, fradiae,GH3,5.0,0.0
604, fradiae,GT2,14.5,0.5
605, fradiae,GT4,18.0,1.0
606, antimycoticus,CBM32,15.0,0.0
607, antimycoticus,GH0,5.0,0.0
608, antimycoticus,GH13,12.0,0.0
609, antimycoticus,GH3,9.0,0.0
610, antimycoticus,GT2,35.0,0.0
611, antimycoticus,GT4,19.0,0.0
612, sp002080455,CBM32,8.0,0.0
613, sp002080455,GH0,4.0,0.0
614, sp002080455,GH13,13.0,0.0
615, sp002080455,GH3,5.0,0.0
616, sp002080455,GT2,27.0,1.0
617, sp002080455,GT4,16.0,0.0
618, rubiginosohelvolus,CBM32,12.0,0.0
619, rubiginosohelvolus,GH0,4.0,0.0
620, rubiginosohelvolus,GH13,11.0,0.0
621, rubiginosohelvolus,GH3,5.0,0.0
622, rubiginosohelvolus,GT2,26.0,0.0
623, rubiginosohelvolus,GT4,17.0,0.0
624, lunaelactis,CBM32,13.0,0.0
625, lunaelactis,GH0,4.0,0.0
626, lunaelactis,GH13,14.0,0.0
627, lunaelactis,GH3,4.0,0.0
628, lunaelactis,GT2,28.0,0.0
629, lunaelactis,GT4,21.0,0.0
630, sp002846625,CBM32,10.33,1.89
631, sp002846625,GH0,3.67,0.47
632, sp002846625,GH13,14.67,1.7
633, sp002846625,GH3,8.33,0.94
634, sp002846625,GT2,28.67,2.49
635, sp002846625,GT4,15.67,0.47
636, anulatus,CBM32,11.0,0.0
637, anulatus,GH0,3.0,0.0
638, anulatus,GH13,11.0,0.0
639, anulatus,GH3,5.0,0.0
640, anulatus,GT2,28.0,0.0
641, anulatus,GT4,19.0,0.0
642, eurythermus,CBM32,7.0,0.0
643, eurythermus,GH0,3.0,0.0
644, eurythermus,GH13,21.0,0.0
645, eurythermus,GH3,8.0,0.0
646, eurythermus,GT2,25.0,0.0
647, eurythermus,GT4,18.0,0.0
648, bathyalis,CBM32,5.0,0.0
649, bathyalis,GH0,6.0,0.0
650, bathyalis,GH13,10.0,0.0
651, bathyalis,GH3,7.0,0.0
652, bathyalis,GT2,18.0,0.0
653, bathyalis,GT4,15.0,0.0
654, globisporus,CBM32,12.0,0.0
655, globisporus,GH0,4.0,0.0
656, globisporus,GH13,12.0,0.0
657, globisporus,GH3,5.0,0.0
658, globisporus,GT2,31.0,0.0
659, globisporus,GT4,18.0,0.0
660, chartreusis,CBM32,6.8,2.99
661, chartreusis,GH0,4.6,1.85
662, chartreusis,GH13,15.8,2.99
663, chartreusis,GH3,6.2,1.83
664, chartreusis,GT2,30.2,9.15
665, chartreusis,GT4,20.8,4.96
666, pristinaespiralis,CBM32,10.5,0.5
667, pristinaespiralis,GH0,4.0,0.0
668, pristinaespiralis,GH13,12.5,0.5
669, pristinaespiralis,GH3,7.0,0.0
670, pristinaespiralis,GT2,23.0,1.0
671, pristinaespiralis,GT4,20.0,0.0
672, sp003046555,CBM32,11.0,0.0
673, sp003046555,GH0,7.0,0.0
674, sp003046555,GH13,17.0,0.0
675, sp003046555,GH3,10.0,0.0
676, sp003046555,GT2,27.0,0.0
677, sp003046555,GT4,19.0,0.0
678, hundungensis,CBM32,15.0,0.0
679, hundungensis,GH0,6.0,0.0
680, hundungensis,GH13,13.0,0.0
681, hundungensis,GH3,5.0,0.0
682, hundungensis,GT2,21.0,0.0
683, hundungensis,GT4,16.0,0.0
684, xanthochromogenes,CBM32,12.0,0.0
685, xanthochromogenes,GH0,6.0,0.0
686, xanthochromogenes,GH13,16.0,0.0
687, xanthochromogenes,GH3,5.0,0.0
688, xanthochromogenes,GT2,23.0,0.0
689, xanthochromogenes,GT4,17.0,0.0
690, bikiniensis,CBM32,6.0,1.0
691, bikiniensis,GH0,5.0,0.0
692, bikiniensis,GH13,13.5,0.5
693, bikiniensis,GH3,5.0,0.0
694, bikiniensis,GT2,20.0,0.0
695, bikiniensis,GT4,16.0,0.0
696, sp003116725,CBM32,15.0,0.0
697, sp003116725,GH0,4.0,0.0
698, sp003116725,GH13,12.0,0.0
699, sp003116725,GH3,7.0,0.0
700, sp003116725,GT2,27.0,0.0
701, sp003116725,GT4,16.0,0.0
702, vinaceus,CBM32,13.0,0.0
703, vinaceus,GH0,4.0,0.0
704, vinaceus,GH13,13.0,0.0
705, vinaceus,GH3,6.0,0.0
706, vinaceus,GT2,29.0,0.0
707, vinaceus,GT4,12.0,0.0
708, sp003259585,CBM32,8.0,0.0
709, sp003259585,GH0,4.0,0.0
710, sp003259585,GH13,17.0,0.0
711, sp003259585,GH3,5.0,0.0
712, sp003259585,GT2,25.0,0.0
713, sp003259585,GT4,12.0,0.0
714, fildesensis,CBM32,26.0,0.0
715, fildesensis,GH0,4.0,0.0
716, fildesensis,GH13,14.0,0.0
717, fildesensis,GH3,10.0,0.0
718, fildesensis,GT2,24.0,0.0
719, fildesensis,GT4,19.0,0.0
720, ambofaciens,CBM32,10.0,0.0
721, ambofaciens,GH0,5.0,0.0
722, ambofaciens,GH13,17.0,0.0
723, ambofaciens,GH3,7.5,0.5
724, ambofaciens,GT2,33.0,0.0
725, ambofaciens,GT4,16.5,0.5
726, spongiicola,CBM32,3.0,0.0
727, spongiicola,GH0,2.0,0.0
728, spongiicola,GH13,10.0,0.0
729, spongiicola,GH3,2.0,0.0
730, spongiicola,GT2,18.0,0.0
731, spongiicola,GT4,13.0,0.0
732, yatensis,CBM32,15.0,0.0
733, yatensis,GH0,5.0,0.0
734, yatensis,GH13,12.0,0.0
735, yatensis,GH3,8.0,0.0
736, yatensis,GT2,34.0,0.0
737, yatensis,GT4,19.0,0.0
738, lateritius,CBM32,10.0,0.0
739, lateritius,GH0,4.0,0.0
740, lateritius,GH13,11.0,0.0
741, lateritius,GH3,6.0,0.0
742, lateritius,GT2,15.0,0.0
743, lateritius,GT4,14.0,0.0
744, qinzhouensis,CBM32,3.0,0.0
745, qinzhouensis,GH0,4.0,0.0
746, qinzhouensis,GH13,8.0,0.0
747, qinzhouensis,GH3,2.0,0.0
748, qinzhouensis,GT2,21.0,0.0
749, qinzhouensis,GT4,18.0,0.0
750, atratus,CBM32,12.0,0.0
751, atratus,GH0,2.0,0.0
752, atratus,GH13,10.0,0.0
753, atratus,GH3,3.0,0.0
754, atratus,GT2,29.0,0.0
755, atratus,GT4,12.0,0.0
756, coeruleorubidus,CBM32,9.0,0.0
757, coeruleorubidus,GH0,4.0,0.0
758, coeruleorubidus,GH13,16.0,0.0
759, coeruleorubidus,GH3,9.0,0.0
760, coeruleorubidus,GT2,40.0,0.0
761, coeruleorubidus,GT4,21.0,0.0
762, exfoliatus,CBM32,8.0,0.0
763, exfoliatus,GH0,5.0,0.0
764, exfoliatus,GH13,14.0,0.0
765, exfoliatus,GH3,6.0,0.0
766, exfoliatus,GT2,22.0,0.0
767, exfoliatus,GT4,17.0,0.0
768, sp003814525,CBM32,8.0,0.0
769, sp003814525,GH0,6.0,0.0
770, sp003814525,GH13,18.0,0.0
771, sp003814525,GH3,8.0,0.0
772, sp003814525,GT2,32.0,0.0
773, sp003814525,GT4,18.0,0.0
774, lavendulae,CBM32,8.0,0.0
775, lavendulae,GH0,4.0,0.0
776, lavendulae,GH13,13.0,0.0
777, lavendulae,GH3,3.0,0.0
778, lavendulae,GT2,27.0,2.0
779, lavendulae,GT4,16.0,1.0
780, griseosporeus,CBM32,7.0,0.0
781, griseosporeus,GH0,5.0,0.0
782, griseosporeus,GH13,20.0,0.0
783, griseosporeus,GH3,6.0,0.0
784, griseosporeus,GT2,27.0,0.0
785, griseosporeus,GT4,16.0,0.0
786, subrutilus,CBM32,10.0,0.0
787, subrutilus,GH0,5.0,0.0
788, subrutilus,GH13,12.0,0.0
789, subrutilus,GH3,5.0,0.0
790, subrutilus,GT2,25.0,0.0
791, subrutilus,GT4,14.0,0.0
792, sp003949805,CBM32,10.0,0.0
793, sp003949805,GH0,4.0,0.0
794, sp003949805,GH13,12.0,0.0
795, sp003949805,GH3,2.0,0.0
796, sp003949805,GT2,12.0,0.0
797, sp003949805,GT4,13.0,0.0
798, olivaceoviridis,CBM32,10.33,0.47
799, olivaceoviridis,GH0,6.0,0.0
800, olivaceoviridis,GH13,17.67,0.47
801, olivaceoviridis,GH3,6.67,0.47
802, olivaceoviridis,GT2,32.67,0.94
803, olivaceoviridis,GT4,18.67,0.94
804, albulus,CBM32,6.67,0.47
805, albulus,GH0,2.33,0.47
806, albulus,GH13,13.0,0.0
807, albulus,GH3,5.0,0.0
808, albulus,GT2,24.67,0.47
809, albulus,GT4,19.33,0.47
810, nitrosporeus,CBM32,6.0,0.0
811, nitrosporeus,GH0,2.0,0.0
812, nitrosporeus,GH13,12.0,0.0
813, nitrosporeus,GH3,5.0,0.0
814, nitrosporeus,GT2,24.0,0.0
815, nitrosporeus,GT4,11.0,0.0
816, parvus,CBM32,12.0,0.0
817, parvus,GH0,4.0,0.0
818, parvus,GH13,12.0,0.0
819, parvus,GH3,6.0,0.0
820, parvus,GT2,25.0,0.0
821, parvus,GT4,17.0,0.0
822, xiamenensis,CBM32,1.0,0.0
823, xiamenensis,GH0,4.0,0.0
824, xiamenensis,GH13,9.5,0.5
825, xiamenensis,GH3,4.0,0.0
826, xiamenensis,GT2,15.0,0.0
827, xiamenensis,GT4,11.5,0.5
828, gilvosporeus,CBM32,4.0,0.0
829, gilvosporeus,GH0,2.0,0.0
830, gilvosporeus,GH13,12.0,0.0
831, gilvosporeus,GH3,3.0,0.0
832, gilvosporeus,GT2,23.0,0.0
833, gilvosporeus,GT4,19.0,0.0
834, sp018604545,CBM32,6.0,0.0
835, sp018604545,GH0,6.0,0.0
836, sp018604545,GH13,16.0,0.0
837, sp018604545,GH3,8.0,0.0
838, sp018604545,GT2,38.0,0.0
839, sp018604545,GT4,18.0,0.0
840, globosus,CBM32,5.0,0.0
841, globosus,GH0,3.0,0.0
842, globosus,GH13,12.0,0.0
843, globosus,GH3,3.0,0.0
844, globosus,GT2,27.0,0.0
845, globosus,GT4,13.0,0.0
846, albireticuli,CBM32,5.0,0.0
847, albireticuli,GH0,3.0,0.0
848, albireticuli,GH13,10.0,0.0
849, albireticuli,GH3,1.0,0.0
850, albireticuli,GT2,24.0,0.0
851, albireticuli,GT4,15.0,0.0
852, narbonensis,CBM32,13.0,0.0
853, narbonensis,GH0,7.0,0.0
854, narbonensis,GH13,13.0,0.0
855, narbonensis,GH3,8.0,0.0
856, narbonensis,GT2,29.0,0.0
857, narbonensis,GT4,19.0,0.0
858, amritsarensis,CBM32,6.0,0.0
859, amritsarensis,GH0,3.0,0.0
860, amritsarensis,GH13,12.0,0.0
861, amritsarensis,GH3,4.0,0.0
862, amritsarensis,GT2,30.0,0.0
863, amritsarensis,GT4,15.0,0.0
864, sp009857135,CBM32,6.0,0.0
865, sp009857135,GH0,4.0,0.0
866, sp009857135,GH13,17.0,0.0
867, sp009857135,GH3,6.0,0.0
868, sp009857135,GT2,23.0,0.0
869, sp009857135,GT4,17.0,0.0
870, sp003369795,CBM32,8.0,0.0
871, sp003369795,GH0,4.0,0.0
872, sp003369795,GH13,16.0,0.0
873, sp003369795,GH3,7.0,0.0
874, sp003369795,GT2,23.0,0.0
875, sp003369795,GT4,15.0,0.0
876, pratensis,CBM32,11.0,0.0
877, pratensis,GH0,5.0,0.0
878, pratensis,GH13,12.0,0.0
879, pratensis,GH3,8.0,0.0
880, pratensis,GT2,29.0,0.0
881, pratensis,GT4,21.0,0.0
882, incarnatus,CBM32,8.0,0.0
883, incarnatus,GH0,3.0,0.0
884, incarnatus,GH13,15.0,0.0
885, incarnatus,GH3,3.0,0.0
886, incarnatus,GT2,23.0,0.0
887, incarnatus,GT4,10.0,0.0
888, sp002128305,CBM32,3.0,0.0
889, sp002128305,GH0,2.0,0.0
890, sp002128305,GH13,15.0,0.0
891, sp002128305,GH3,3.0,0.0
892, sp002128305,GT2,21.0,0.0
893, sp002128305,GT4,13.0,0.0
894, sp014083985,CBM32,3.0,0.0
895, sp014083985,GH0,1.0,0.0
896, sp014083985,GH13,10.0,0.0
897, sp014083985,GH3,2.0,0.0
898, sp014083985,GT2,9.0,0.0
899, sp014083985,GT4,8.0,0.0
900, sp014489635,CBM32,5.0,0.0
901, sp014489635,GH0,5.0,0.0
902, sp014489635,GH13,10.0,0.0
903, sp014489635,GH3,11.0,0.0
904, sp014489635,GT2,33.0,0.0
905, sp014489635,GT4,17.0,0.0
906, sp009834125,CBM32,4.0,0.0
907, sp009834125,GH0,2.0,0.0
908, sp009834125,GH13,13.0,0.0
909, sp009834125,GH3,4.0,0.0
910, sp009834125,GT2,23.0,0.0
911, sp009834125,GT4,18.0,0.0
912, xinghaiensis,CBM32,3.0,0.0
913, xinghaiensis,GH0,3.0,0.0
914, xinghaiensis,GH13,13.0,0.0
915, xinghaiensis,GH3,5.0,0.0
916, xinghaiensis,GT2,20.0,0.0
917, xinghaiensis,GT4,20.0,0.0
918, qaidamensis,CBM32,7.0,0.0
919, qaidamensis,GH0,5.0,0.0
920, qaidamensis,GH13,16.0,0.0
921, qaidamensis,GH3,5.0,0.0
922, qaidamensis,GT2,33.0,0.0
923, qaidamensis,GT4,17.0,0.0
924, coelicoflavus,CBM32,10.0,0.0
925, coelicoflavus,GH0,4.0,0.0
926, coelicoflavus,GH13,17.0,0.0
927, coelicoflavus,GH3,8.0,0.0
928, coelicoflavus,GT2,30.0,0.0
929, coelicoflavus,GT4,16.0,0.0
930, tirandamycinicus,CBM32,4.0,0.0
931, tirandamycinicus,GH0,2.0,0.0
932, tirandamycinicus,GH13,12.0,0.0
933, tirandamycinicus,GH3,2.0,0.0
934, tirandamycinicus,GT2,18.0,0.0
935, tirandamycinicus,GT4,18.0,0.0
936, antibioticus,CBM32,8.0,0.0
937, antibioticus,GH0,6.0,0.0
938, antibioticus,GH13,20.0,0.0
939, antibioticus,GH3,6.0,0.0
940, antibioticus,GT2,27.0,0.0
941, antibioticus,GT4,14.0,0.0
942, lydicus,CBM32,4.33,0.94
943, lydicus,GH0,3.0,0.0
944, lydicus,GH13,14.0,0.82
945, lydicus,GH3,3.0,0.0
946, lydicus,GT2,25.67,1.25
947, lydicus,GT4,16.33,0.94
948, roseifaciens,CBM32,5.0,0.0
949, roseifaciens,GH0,3.0,0.0
950, roseifaciens,GH13,10.0,0.0
951, roseifaciens,GH3,1.0,0.0
952, roseifaciens,GT2,20.0,0.0
953, roseifaciens,GT4,12.0,0.0
954, niveus,CBM32,12.0,0.0
955, niveus,GH0,6.0,0.0
956, niveus,GH13,16.0,0.0
957, niveus,GH3,10.0,0.0
958, niveus,GT2,25.0,0.0
959, niveus,GT4,16.0,0.0
960, phaeolivaceus,CBM32,6.0,0.0
961, phaeolivaceus,GH0,4.0,0.0
962, phaeolivaceus,GH13,15.0,0.0
963, phaeolivaceus,GH3,11.0,0.0
964, phaeolivaceus,GT2,25.0,0.0
965, phaeolivaceus,GT4,23.0,0.0
966, kanamyceticus,CBM32,11.0,0.0
967, kanamyceticus,GH0,7.0,0.0
968, kanamyceticus,GH13,13.0,0.0
969, kanamyceticus,GH3,6.0,0.0
970, kanamyceticus,GT2,28.0,0.0
971, kanamyceticus,GT4,22.0,0.0
972, sp003032475,CBM32,6.0,0.0
973, sp003032475,GH0,6.0,0.0
974, sp003032475,GH13,15.0,0.0
975, sp003032475,GH3,8.0,0.0
976, sp003032475,GT2,28.0,0.0
977, sp003032475,GT4,21.0,0.0
978, chromofuscus,CBM32,4.0,0.0
979, chromofuscus,GH0,4.0,0.0
980, chromofuscus,GH13,16.0,0.0
981, chromofuscus,GH3,4.0,0.0
982, chromofuscus,GT2,18.0,0.0
983, chromofuscus,GT4,19.0,0.0
984, sp003945545,CBM32,7.0,0.0
985, sp003945545,GH0,5.0,0.0
986, sp003945545,GH13,14.0,0.0
987, sp003945545,GH3,6.0,0.0
988, sp003945545,GT2,25.0,0.0
989, sp003945545,GT4,17.0,0.0
990, albogriseolus,CBM32,7.0,0.0
991, albogriseolus,GH0,4.0,0.0
992, albogriseolus,GH13,18.0,0.0
993, albogriseolus,GH3,4.0,0.0
994, albogriseolus,GT2,24.0,0.0
995, albogriseolus,GT4,15.0,0.0
996, sp013364195,CBM32,7.0,0.0
997, sp013364195,GH0,7.0,0.0
998, sp013364195,GH13,9.0,0.0
999, sp013364195,GH3,3.0,0.0
1000, sp013364195,GT2,19.0,0.0
1001, sp013364195,GT4,19.0,0.0
1002, sp000213055,CBM32,15.0,0.0
1003, sp000213055,GH0,5.0,0.0
1004, sp000213055,GH13,10.0,0.0
1005, sp000213055,GH3,8.0,0.0
1006, sp000213055,GT2,19.0,0.0
1007, sp000213055,GT4,14.0,0.0
1008, xantholiticus,CBM32,4.0,0.0
1009, xantholiticus,GH0,2.0,0.0
1010, xantholiticus,GH13,12.0,0.0
1011, xantholiticus,GH3,2.0,0.0
1012, xantholiticus,GT2,25.0,0.0
1013, xantholiticus,GT4,19.0,0.0
1014, paludis,CBM32,5.0,0.0
1015, paludis,GH0,4.0,0.0
1016, paludis,GH13,11.0,0.0
1017, paludis,GH3,8.0,0.0
1018, paludis,GT2,27.0,0.0
1019, paludis,GT4,14.0,0.0
1020, speibonae,CBM32,4.0,0.0
1021, speibonae,GH0,3.0,0.0
1022, speibonae,GH13,19.0,0.0
1023, speibonae,GH3,6.0,0.0
1024, speibonae,GT2,28.0,0.0
1025, speibonae,GT4,17.0,0.0
1026, harbinensis,CBM32,1.0,0.0
1027, harbinensis,GH0,4.0,0.0
1028, harbinensis,GH13,10.0,0.0
1029, harbinensis,GH3,3.0,0.0
1030, harbinensis,GT2,17.0,0.0
1031, harbinensis,GT4,12.0,0.0
1032, aureofaciens,CBM32,7.0,0.0
1033, aureofaciens,GH0,4.0,0.0
1034, aureofaciens,GH13,11.0,0.0
1035, aureofaciens,GH3,3.0,0.0
1036, aureofaciens,GT2,27.0,0.0
1037, aureofaciens,GT4,14.0,0.0
1038, liangshanensis,CBM32,19.0,0.0
1039, liangshanensis,GH0,4.0,0.0
1040, liangshanensis,GH13,11.0,0.0
1041, liangshanensis,GH3,8.0,0.0
1042, liangshanensis,GT2,27.0,0.0
1043, liangshanensis,GT4,12.0,0.0
1044, tricolor,CBM32,7.0,0.0
1045, tricolor,GH0,4.0,0.0
1046, tricolor,GH13,19.0,0.0
1047, tricolor,GH3,7.0,0.0
1048, tricolor,GT2,28.0,0.0
1049, tricolor,GT4,19.0,0.0
1050, sp016598615,CBM32,13.0,0.0
1051, sp016598615,GH0,5.0,0.0
1052, sp016598615,GH13,16.0,0.0
1053, sp016598615,GH3,11.0,0.0
1054, sp016598615,GT2,31.0,0.0
1055, sp016598615,GT4,21.0,0.0
1056, formicae,CBM32,11.0,0.0
1057, formicae,GH0,6.0,0.0
1058, formicae,GH13,12.0,0.0
1059, formicae,GH3,6.0,0.0
1060, formicae,GT2,30.0,0.0
1061, formicae,GT4,22.0,0.0
1062, hawaiiensis,CBM32,9.0,0.0
1063, hawaiiensis,GH0,5.0,0.0
1064, hawaiiensis,GH13,18.0,0.0
1065, hawaiiensis,GH3,6.0,0.0
1066, hawaiiensis,GT2,35.0,0.0
1067, hawaiiensis,GT4,18.0,0.0
1068, ferrugineus,CBM32,5.0,0.0
1069, ferrugineus,GH0,4.0,0.0
1070, ferrugineus,GH13,16.0,0.0
1071, ferrugineus,GH3,9.0,0.0
1072, ferrugineus,GT2,31.0,0.0
1073, ferrugineus,GT4,25.0,0.0
1074, sp006088715,CBM32,8.0,0.0
1075, sp006088715,GH0,5.0,0.0
1076, sp006088715,GH13,13.0,0.0
1077, sp006088715,GH3,5.0,0.0
1078, sp006088715,GT2,31.0,0.0
1079, sp006088715,GT4,20.0,0.0
1080, lasiicapitis,CBM32,10.0,0.0
1081, lasiicapitis,GH0,6.0,0.0
1082, lasiicapitis,GH13,16.0,0.0
1083, lasiicapitis,GH3,7.0,0.0
1084, lasiicapitis,GT2,29.0,0.0
1085, lasiicapitis,GT4,17.0,0.0
1086, sp014489615,CBM32,9.0,0.0
1087, sp014489615,GH0,4.0,0.0
1088, sp014489615,GH13,14.0,0.0
1089, sp014489615,GH3,6.0,0.0
1090, sp014489615,GT2,27.0,0.0
1091, sp014489615,GT4,23.0,0.0
1092, sindenensis,CBM32,8.0,0.0
1093, sindenensis,GH0,4.0,0.0
1094, sindenensis,GH13,14.0,0.0
1095, sindenensis,GH3,6.0,0.0
1096, sindenensis,GT2,30.0,0.0
1097, sindenensis,GT4,20.0,0.0
1098, sp012273515,CBM32,16.0,0.0
1099, sp012273515,GH0,3.0,0.0
1100, sp012273515,GH13,14.0,0.0
1101, sp012273515,GH3,5.0,0.0
1102, sp012273515,GT2,21.0,0.0
1103, sp012273515,GT4,13.0,0.0
1104, sp001484565,CBM32,11.0,0.0
1105, sp001484565,GH0,5.0,0.0
1106, sp001484565,GH13,20.0,0.0
1107, sp001484565,GH3,9.0,0.0
1108, sp001484565,GT2,30.0,0.0
1109, sp001484565,GT4,20.0,0.0
1110, cyaneochromogenes,CBM32,7.0,0.0
1111, cyaneochromogenes,GH0,4.0,0.0
1112, cyaneochromogenes,GH13,18.0,0.0
1113, cyaneochromogenes,GH3,10.0,0.0
1114, cyaneochromogenes,GT2,37.0,0.0
1115, cyaneochromogenes,GT4,31.0,0.0
1116, cyaneogriseus,CBM32,11.0,0.0
1117, cyaneogriseus,GH0,4.0,0.0
1118, cyaneogriseus,GH13,16.0,0.0
1119, cyaneogriseus,GH3,5.0,0.0
1120, cyaneogriseus,GT2,23.0,0.0
1121, cyaneogriseus,GT4,15.0,0.0
